time,Thermo Ch 5,Heater Ch 1
2026-05-05 17:15:20+00,2.3700000000000045,0
2026-05-05 17:15:21+00,2.3700000000000045,0
2026-05-05 17:15:22+00,2.3600000000000136,0
2026-05-05 17:15:23+00,2.3500000000000227,0
2026-05-05 17:15:24+00,2.330000000000041,0
2026-05-05 17:15:25+00,2.32000000000005,0
2026-05-05 17:15:26+00,2.32000000000005,0
2026-05-05 17:15:27+00,2.3100000000000023,0
2026-05-05 17:15:28+00,2.3000000000000114,0
2026-05-05 17:15:29+00,2.2800000000000296,0
2026-05-05 17:15:30+00,2.2700000000000387,0
2026-05-05 17:15:31+00,2.2600000000000477,0
2026-05-05 17:15:32+00,2.2600000000000477,0
2026-05-05 17:15:33+00,2.25,0
2026-05-05 17:15:34+00,2.240000000000009,0
2026-05-05 17:15:35+00,2.230000000000018,0
2026-05-05 17:15:36+00,2.230000000000018,0
2026-05-05 17:15:37+00,2.2100000000000364,0
2026-05-05 17:15:38+00,2.2100000000000364,0
2026-05-05 17:15:39+00,2.1899999999999977,0
2026-05-05 17:15:40+00,2.1899999999999977,0
2026-05-05 17:15:41+00,2.180000000000007,0
2026-05-05 17:15:42+00,2.160000000000025,0
2026-05-05 17:15:43+00,2.160000000000025,0
2026-05-05 17:15:44+00,2.150000000000034,0
2026-05-05 17:15:45+00,2.1299999999999955,0
2026-05-05 17:15:46+00,2.1299999999999955,0
2026-05-05 17:15:47+00,2.1200000000000045,0
2026-05-05 17:15:48+00,2.1100000000000136,0
2026-05-05 17:15:49+00,2.1000000000000227,0
2026-05-05 17:15:50+00,2.090000000000032,0
2026-05-05 17:15:51+00,2.080000000000041,0
2026-05-05 17:15:52+00,2.07000000000005,0
2026-05-05 17:15:53+00,2.0600000000000023,0
2026-05-05 17:15:54+00,2.0400000000000205,0
2026-05-05 17:15:55+00,2.0400000000000205,0
2026-05-05 17:15:56+00,2.0300000000000296,0
2026-05-05 17:15:57+00,2.0200000000000387,0
2026-05-05 17:15:58+00,2.0100000000000477,0
2026-05-05 17:15:59+00,2,0
2026-05-05 17:16:00+00,2,0
2026-05-05 17:16:01+00,1.990000000000009,0
2026-05-05 17:16:02+00,1.9800000000000182,0
2026-05-05 17:16:03+00,1.9700000000000273,0
2026-05-05 17:16:04+00,1.9700000000000273,48.696
2026-05-05 17:16:05+00,1.9600000000000364,48.576
2026-05-05 17:16:06+00,1.9600000000000364,48.492
2026-05-05 17:16:07+00,1.9800000000000182,48.372
2026-05-05 17:16:08+00,2.0300000000000296,47.501
2026-05-05 17:16:09+00,2.090000000000032,30.321
2026-05-05 17:16:10+00,2.170000000000016,24.564
2026-05-05 17:16:11+00,2.25,16.541
2026-05-05 17:16:12+00,2.340000000000032,0
2026-05-05 17:16:13+00,2.430000000000007,0
2026-05-05 17:16:14+00,2.5100000000000477,0
2026-05-05 17:16:15+00,2.6000000000000227,0
2026-05-05 17:16:16+00,2.640000000000043,0
2026-05-05 17:16:17+00,2.7100000000000364,5.347
2026-05-05 17:16:18+00,2.7600000000000477,15.844
2026-05-05 17:16:19+00,2.7800000000000296,39.153
2026-05-05 17:16:20+00,2.830000000000041,39.104
2026-05-05 17:16:21+00,2.8500000000000227,34.935
2026-05-05 17:16:22+00,2.910000000000025,32.47
2026-05-05 17:16:23+00,2.9500000000000455,26.646
2026-05-05 17:16:24+00,3.0100000000000477,31.182
2026-05-05 17:16:25+00,3.080000000000041,15.493
2026-05-05 17:16:26+00,3.170000000000016,25.316
2026-05-05 17:16:27+00,3.25,0
2026-05-05 17:16:28+00,3.3000000000000114,0
2026-05-05 17:16:29+00,3.3700000000000045,0.075
2026-05-05 17:16:30+00,3.420000000000016,0
2026-05-05 17:16:31+00,3.490000000000009,0.017
2026-05-05 17:16:32+00,3.5,21.499
2026-05-05 17:16:33+00,3.5600000000000023,34.615
2026-05-05 17:16:34+00,3.57000000000005,28.229
2026-05-05 17:16:35+00,3.6200000000000045,35.435
2026-05-05 17:16:36+00,3.640000000000043,25.021
2026-05-05 17:16:37+00,3.6899999999999977,20.91
2026-05-05 17:16:38+00,3.75,35.751
2026-05-05 17:16:39+00,3.7800000000000296,22.901
2026-05-05 17:16:40+00,3.840000000000032,10.473
2026-05-05 17:16:41+00,3.910000000000025,15.453
2026-05-05 17:16:42+00,3.9500000000000455,5.612
2026-05-05 17:16:43+00,4,1.132
2026-05-05 17:16:44+00,4.050000000000011,15.227
2026-05-05 17:16:45+00,4.100000000000023,14.475
2026-05-05 17:16:46+00,4.140000000000043,13.918
2026-05-05 17:16:47+00,4.170000000000016,13.512
2026-05-05 17:16:48+00,4.210000000000036,20.716
2026-05-05 17:16:49+00,4.240000000000009,27.557
2026-05-05 17:16:50+00,4.270000000000039,27.43
2026-05-05 17:16:51+00,4.300000000000011,19.425
2026-05-05 17:16:52+00,4.340000000000032,25.665
2026-05-05 17:16:53+00,4.330000000000041,26.177
2026-05-05 17:16:54+00,4.420000000000016,33.497
2026-05-05 17:16:55+00,4.470000000000027,0
2026-05-05 17:16:56+00,4.510000000000048,2.092
2026-05-05 17:16:57+00,4.580000000000041,13.648
2026-05-05 17:16:58+00,4.600000000000023,0
2026-05-05 17:16:59+00,4.6299999999999955,0.024
2026-05-05 17:17:00+00,4.660000000000025,25.695
2026-05-05 17:17:01+00,4.689999999999998,15.792
2026-05-05 17:17:02+00,4.720000000000027,19.917
2026-05-05 17:17:03+00,4.740000000000009,0
2026-05-05 17:17:04+00,4.770000000000039,0.058
2026-05-05 17:17:05+00,4.7900000000000205,16.766
2026-05-05 17:17:06+00,4.82000000000005,25.497
2026-05-05 17:17:07+00,4.860000000000014,25.293
2026-05-05 17:17:08+00,4.890000000000043,2.833
2026-05-05 17:17:09+00,4.920000000000016,14.544
2026-05-05 17:17:10+00,4.980000000000018,0
2026-05-05 17:17:11+00,4.970000000000027,0
2026-05-05 17:17:12+00,4.990000000000009,9.37
2026-05-05 17:17:13+00,5,25.463
2026-05-05 17:17:14+00,5.03000000000003,17.514
2026-05-05 17:17:15+00,5.07000000000005,16.578
2026-05-05 17:17:16+00,5.080000000000041,20.244
2026-05-05 17:17:17+00,5.100000000000023,19.409
2026-05-05 17:17:18+00,5.170000000000016,14.402
2026-05-05 17:17:19+00,5.160000000000025,4.029
2026-05-05 17:17:20+00,5.189999999999998,10.643
2026-05-05 17:17:21+00,5.210000000000036,3.619
2026-05-05 17:17:22+00,5.240000000000009,8.988
2026-05-05 17:17:23+00,5.260000000000048,23.802
2026-05-05 17:17:24+00,5.260000000000048,8.203
2026-05-05 17:17:25+00,5.2900000000000205,0
2026-05-05 17:17:26+00,5.2900000000000205,0.038
2026-05-05 17:17:27+00,5.310000000000002,36.374
2026-05-05 17:17:28+00,5.310000000000002,16.971
2026-05-05 17:17:29+00,5.360000000000014,0
2026-05-05 17:17:30+00,5.350000000000023,0
2026-05-05 17:17:31+00,5.390000000000043,25.134
2026-05-05 17:17:32+00,5.390000000000043,33.78
2026-05-05 17:17:33+00,5.400000000000034,3.444
2026-05-05 17:17:34+00,5.430000000000007,18.943
2026-05-05 17:17:35+00,5.439999999999998,18.874
2026-05-05 17:17:36+00,5.460000000000036,2.983
2026-05-05 17:17:37+00,5.480000000000018,9.91
2026-05-05 17:17:38+00,5.490000000000009,23.661
2026-05-05 17:17:39+00,5.5,0.989
2026-05-05 17:17:40+00,5.510000000000048,23.183
2026-05-05 17:17:41+00,5.510000000000048,16.874
2026-05-05 17:17:42+00,5.520000000000039,7.469
2026-05-05 17:17:43+00,5.5400000000000205,22.149
2026-05-05 17:17:44+00,5.550000000000011,6.487
2026-05-05 17:17:45+00,5.560000000000002,10.592
2026-05-05 17:17:46+00,5.550000000000011,19.477
2026-05-05 17:17:47+00,5.560000000000002,6.134
2026-05-05 17:17:48+00,5.57000000000005,7.83
2026-05-05 17:17:49+00,5.580000000000041,15.773
2026-05-05 17:17:50+00,5.590000000000032,11.699
2026-05-05 17:17:51+00,5.600000000000023,11.645
2026-05-05 17:17:52+00,5.610000000000014,17.664
2026-05-05 17:17:53+00,5.610000000000014,13.718
2026-05-05 17:17:54+00,5.6200000000000045,18.149
2026-05-05 17:17:55+00,5.6200000000000045,10.033
2026-05-05 17:17:56+00,5.6299999999999955,10.168
2026-05-05 17:17:57+00,5.640000000000043,15.637
2026-05-05 17:17:58+00,5.640000000000043,8.868
2026-05-05 17:17:59+00,5.650000000000034,8.587
2026-05-05 17:18:00+00,5.660000000000025,0.397
2026-05-05 17:18:01+00,5.660000000000025,13.944
2026-05-05 17:18:02+00,5.670000000000016,14.971
2026-05-05 17:18:03+00,5.670000000000016,6.97
2026-05-05 17:18:04+00,5.660000000000025,12.518
2026-05-05 17:18:05+00,5.660000000000025,20.724
2026-05-05 17:18:06+00,5.660000000000025,15.746
2026-05-05 17:18:07+00,5.670000000000016,13.811
2026-05-05 17:18:08+00,5.670000000000016,13.483
2026-05-05 17:18:09+00,5.680000000000007,9.492
2026-05-05 17:18:10+00,5.680000000000007,5.334
2026-05-05 17:18:11+00,5.680000000000007,4.761
2026-05-05 17:18:12+00,5.680000000000007,11.992
2026-05-05 17:18:13+00,5.689999999999998,10.305
2026-05-05 17:18:14+00,5.689999999999998,3.806
2026-05-05 17:18:15+00,5.680000000000007,18.741
2026-05-05 17:18:16+00,5.680000000000007,3.708
2026-05-05 17:18:17+00,5.680000000000007,17.444
2026-05-05 17:18:18+00,5.680000000000007,10.422
2026-05-05 17:18:19+00,5.680000000000007,10.114
2026-05-05 17:18:20+00,5.670000000000016,9.994
2026-05-05 17:18:21+00,5.670000000000016,16.431
2026-05-05 17:18:22+00,5.670000000000016,9.752
2026-05-05 17:18:23+00,5.670000000000016,9.474
2026-05-05 17:18:24+00,5.660000000000025,9.156
2026-05-05 17:18:25+00,5.660000000000025,13.948
2026-05-05 17:18:26+00,5.660000000000025,16.55
2026-05-05 17:18:27+00,5.660000000000025,8.639
2026-05-05 17:18:28+00,5.660000000000025,8.332
2026-05-05 17:18:29+00,5.650000000000034,8.224
2026-05-05 17:18:30+00,5.650000000000034,15.715
2026-05-05 17:18:31+00,5.650000000000034,0
2026-05-05 17:18:32+00,5.650000000000034,0.094
2026-05-05 17:18:33+00,5.650000000000034,13.882
2026-05-05 17:18:34+00,5.640000000000043,7.042
2026-05-05 17:18:35+00,5.640000000000043,6.848
2026-05-05 17:18:36+00,5.6299999999999955,13.069
2026-05-05 17:18:37+00,5.6299999999999955,14.365
2026-05-05 17:18:38+00,5.6200000000000045,6.601
2026-05-05 17:18:39+00,5.610000000000014,8.614
2026-05-05 17:18:40+00,5.610000000000014,9.487
2026-05-05 17:18:41+00,5.610000000000014,12.194
2026-05-05 17:18:42+00,5.600000000000023,13.741
2026-05-05 17:18:43+00,5.600000000000023,11.92
2026-05-05 17:18:44+00,5.600000000000023,9.573
2026-05-05 17:18:45+00,5.590000000000032,10.098
2026-05-05 17:18:46+00,5.590000000000032,5.584
2026-05-05 17:18:47+00,5.580000000000041,5.328
2026-05-05 17:18:48+00,5.590000000000032,7.726
2026-05-05 17:18:49+00,5.590000000000032,12.696
2026-05-05 17:18:50+00,5.580000000000041,4.874
2026-05-05 17:18:51+00,5.57000000000005,4.864
2026-05-05 17:18:52+00,5.560000000000002,12.209
2026-05-05 17:18:53+00,5.550000000000011,12.362
2026-05-05 17:18:54+00,5.5400000000000205,12.302
2026-05-05 17:18:55+00,5.5400000000000205,4.974
2026-05-05 17:18:56+00,5.53000000000003,11.906
2026-05-05 17:18:57+00,5.520000000000039,12.165
2026-05-05 17:18:58+00,5.510000000000048,12.165
2026-05-05 17:18:59+00,5.5,12.172
2026-05-05 17:19:00+00,5.5,8.908
2026-05-05 17:19:01+00,5.5,7.203
2026-05-05 17:19:02+00,5.5,10.461
2026-05-05 17:19:03+00,5.5,0
2026-05-05 17:19:04+00,5.520000000000039,0.192
2026-05-05 17:19:05+00,5.490000000000009,0
2026-05-05 17:19:06+00,5.480000000000018,0.011
2026-05-05 17:19:07+00,5.480000000000018,18.718
2026-05-05 17:19:08+00,5.480000000000018,4.479
2026-05-05 17:19:09+00,5.470000000000027,11.105
2026-05-05 17:19:10+00,5.4500000000000455,11.19
2026-05-05 17:19:11+00,5.4500000000000455,3.409
2026-05-05 17:19:12+00,5.439999999999998,9.938
2026-05-05 17:19:13+00,5.430000000000007,11.122
2026-05-05 17:19:14+00,5.420000000000016,11.176
2026-05-05 17:19:15+00,5.420000000000016,11.203
2026-05-05 17:19:16+00,5.410000000000025,6.014
2026-05-05 17:19:17+00,5.410000000000025,9.675
2026-05-05 17:19:18+00,5.400000000000034,6.121
2026-05-05 17:19:19+00,5.390000000000043,4.843
2026-05-05 17:19:20+00,5.390000000000043,11.018
2026-05-05 17:19:21+00,5.3799999999999955,6.669
2026-05-05 17:19:22+00,5.3700000000000045,3.261
2026-05-05 17:19:23+00,5.3700000000000045,14.565
2026-05-05 17:19:24+00,5.360000000000014,4.535
2026-05-05 17:19:25+00,5.360000000000014,10.891
2026-05-05 17:19:26+00,5.350000000000023,11.013
2026-05-05 17:19:27+00,5.340000000000032,10.855
2026-05-05 17:19:28+00,5.340000000000032,3.46
2026-05-05 17:19:29+00,5.340000000000032,3.221
2026-05-05 17:19:30+00,5.32000000000005,3.135
2026-05-05 17:19:31+00,5.310000000000002,13.242
2026-05-05 17:19:32+00,5.310000000000002,11.673
2026-05-05 17:19:33+00,5.2900000000000205,3.498
2026-05-05 17:19:34+00,5.300000000000011,7.322
2026-05-05 17:19:35+00,5.28000000000003,11.025
2026-05-05 17:19:36+00,5.28000000000003,5.56
2026-05-05 17:19:37+00,5.270000000000039,10.396
2026-05-05 17:19:38+00,5.270000000000039,11.319
2026-05-05 17:19:39+00,5.260000000000048,0
2026-05-05 17:19:40+00,5.260000000000048,6.361
2026-05-05 17:19:41+00,5.240000000000009,18.695
2026-05-05 17:19:42+00,5.240000000000009,0
2026-05-05 17:19:43+00,5.25,0.143
2026-05-05 17:19:44+00,5.240000000000009,5.438
2026-05-05 17:19:45+00,5.220000000000027,18.753
2026-05-05 17:19:46+00,5.220000000000027,3.752
2026-05-05 17:19:47+00,5.220000000000027,17.762
2026-05-05 17:19:48+00,5.210000000000036,3.938
2026-05-05 17:19:49+00,5.210000000000036,3.771
2026-05-05 17:19:50+00,5.2000000000000455,11.067
2026-05-05 17:19:51+00,5.180000000000007,18.886
2026-05-05 17:19:52+00,5.2000000000000455,0
2026-05-05 17:19:53+00,5.170000000000016,1.638
2026-05-05 17:19:54+00,5.189999999999998,7.645
2026-05-05 17:19:55+00,5.160000000000025,16.867
2026-05-05 17:19:56+00,5.170000000000016,10.401
2026-05-05 17:19:57+00,5.160000000000025,4.333
2026-05-05 17:19:58+00,5.160000000000025,4.217
2026-05-05 17:19:59+00,5.150000000000034,12.11
2026-05-05 17:20:00+00,5.150000000000034,11.588
2026-05-05 17:20:01+00,5.1299999999999955,4.55
2026-05-05 17:20:02+00,5.140000000000043,4.395
2026-05-05 17:20:03+00,5.140000000000043,12.301
2026-05-05 17:20:04+00,5.1299999999999955,12.476
2026-05-05 17:20:05+00,5.110000000000014,12.574
2026-05-05 17:20:06+00,5.1200000000000045,12.75
2026-05-05 17:20:07+00,5.1200000000000045,0
2026-05-05 17:20:08+00,5.110000000000014,11.584
2026-05-05 17:20:09+00,5.110000000000014,0
2026-05-05 17:20:10+00,5.110000000000014,2.423
2026-05-05 17:20:11+00,5.110000000000014,4.627
2026-05-05 17:20:12+00,5.100000000000023,4.583
2026-05-05 17:20:13+00,5.090000000000032,12.175
2026-05-05 17:20:14+00,5.080000000000041,11.956
2026-05-05 17:20:15+00,5.080000000000041,20.182
2026-05-05 17:20:16+00,5.07000000000005,13.155
2026-05-05 17:20:17+00,5.060000000000002,5.829
2026-05-05 17:20:18+00,5.060000000000002,5.483
2026-05-05 17:20:19+00,5.060000000000002,5.432
2026-05-05 17:20:20+00,5.060000000000002,13.165
2026-05-05 17:20:21+00,5.060000000000002,7.372
2026-05-05 17:20:22+00,5.060000000000002,5.615
2026-05-05 17:20:23+00,5.060000000000002,5.59
2026-05-05 17:20:24+00,5.050000000000011,5.57
2026-05-05 17:20:25+00,5.0400000000000205,10.385
2026-05-05 17:20:26+00,5.0400000000000205,16.24
2026-05-05 17:20:27+00,5.0400000000000205,10.135
2026-05-05 17:20:28+00,5.03000000000003,6.172
2026-05-05 17:20:29+00,5.010000000000048,14.057
2026-05-05 17:20:30+00,5.010000000000048,0
2026-05-05 17:20:31+00,5.03000000000003,0.012
2026-05-05 17:20:32+00,5.020000000000039,0
2026-05-05 17:20:33+00,5.020000000000039,0.018
2026-05-05 17:20:34+00,5.010000000000048,5.677
2026-05-05 17:20:35+00,5.020000000000039,6.324
2026-05-05 17:20:36+00,5.020000000000039,6.281
2026-05-05 17:20:37+00,5.010000000000048,14.032
2026-05-05 17:20:38+00,5,6.88
2026-05-05 17:20:39+00,5,14.307
2026-05-05 17:20:40+00,4.990000000000009,6.77
2026-05-05 17:20:41+00,4.980000000000018,10.087
2026-05-05 17:20:42+00,4.980000000000018,9.877
2026-05-05 17:20:43+00,4.980000000000018,11.905
2026-05-05 17:20:44+00,4.980000000000018,14.188
2026-05-05 17:20:45+00,4.980000000000018,7.211
2026-05-05 17:20:46+00,4.990000000000009,7.214
2026-05-05 17:20:47+00,4.980000000000018,7.219
2026-05-05 17:20:48+00,4.980000000000018,7.227
2026-05-05 17:20:49+00,4.980000000000018,7.241
2026-05-05 17:20:50+00,4.980000000000018,7.25
2026-05-05 17:20:51+00,4.980000000000018,7.253
2026-05-05 17:20:52+00,4.980000000000018,7.215
2026-05-05 17:20:53+00,4.970000000000027,15.212
2026-05-05 17:20:54+00,4.960000000000036,15.256
2026-05-05 17:20:55+00,4.960000000000036,7.906
2026-05-05 17:20:56+00,4.960000000000036,7.748
2026-05-05 17:20:57+00,4.960000000000036,7.756
2026-05-05 17:20:58+00,4.960000000000036,7.771
2026-05-05 17:20:59+00,4.960000000000036,8.712
2026-05-05 17:21:00+00,4.960000000000036,11.454
2026-05-05 17:21:01+00,4.960000000000036,8.036
2026-05-05 17:21:02+00,4.960000000000036,0.135
2026-05-05 17:21:03+00,4.960000000000036,8.274
2026-05-05 17:21:04+00,4.9500000000000455,6.568
2026-05-05 17:21:05+00,4.960000000000036,0.214
2026-05-05 17:21:06+00,4.9500000000000455,15.541
2026-05-05 17:21:07+00,4.9500000000000455,8.162
2026-05-05 17:21:08+00,4.939999999999998,8.108
2026-05-05 17:21:09+00,4.939999999999998,15.829
2026-05-05 17:21:10+00,4.939999999999998,8.454
2026-05-05 17:21:11+00,4.939999999999998,8.449
2026-05-05 17:21:12+00,4.939999999999998,8.483
2026-05-05 17:21:13+00,4.939999999999998,8.498
2026-05-05 17:21:14+00,4.939999999999998,8.52
2026-05-05 17:21:15+00,4.939999999999998,8.539
2026-05-05 17:21:16+00,4.939999999999998,8.566
2026-05-05 17:21:17+00,4.939999999999998,8.594
2026-05-05 17:21:18+00,4.930000000000007,8.55
2026-05-05 17:21:19+00,4.930000000000007,15.787
2026-05-05 17:21:20+00,4.930000000000007,8.881
2026-05-05 17:21:21+00,4.930000000000007,8.91
2026-05-05 17:21:22+00,4.930000000000007,8.935
2026-05-05 17:21:23+00,4.930000000000007,8.959
2026-05-05 17:21:24+00,4.930000000000007,9.141
2026-05-05 17:21:25+00,4.920000000000016,16.462
2026-05-05 17:21:26+00,4.920000000000016,9.276
2026-05-05 17:21:27+00,4.930000000000007,1.402
2026-05-05 17:21:28+00,4.920000000000016,12.871
2026-05-05 17:21:29+00,4.920000000000016,9.495
2026-05-05 17:21:30+00,4.939999999999998,9.375
2026-05-05 17:21:31+00,4.920000000000016,0
2026-05-05 17:21:32+00,4.930000000000007,4.072
2026-05-05 17:21:33+00,4.930000000000007,10.923
2026-05-05 17:21:34+00,4.930000000000007,12.349
2026-05-05 17:21:35+00,4.920000000000016,12.646
2026-05-05 17:21:36+00,4.930000000000007,4.121
2026-05-05 17:21:37+00,4.930000000000007,9.362
2026-05-05 17:21:38+00,4.920000000000016,9.31
2026-05-05 17:21:39+00,4.930000000000007,0
2026-05-05 17:21:40+00,4.910000000000025,0.092
2026-05-05 17:21:41+00,4.930000000000007,8.618
2026-05-05 17:21:42+00,4.939999999999998,24.18
2026-05-05 17:21:43+00,4.920000000000016,9.755
2026-05-05 17:21:44+00,4.920000000000016,9.693
2026-05-05 17:21:45+00,4.930000000000007,2.191
2026-05-05 17:21:46+00,4.930000000000007,9.509
2026-05-05 17:21:47+00,4.930000000000007,9.645
2026-05-05 17:21:48+00,4.939999999999998,9.6
2026-05-05 17:21:49+00,4.939999999999998,2.463
2026-05-05 17:21:50+00,4.930000000000007,1.949
2026-05-05 17:21:51+00,4.939999999999998,8.488
2026-05-05 17:21:52+00,4.920000000000016,12.962
2026-05-05 17:21:53+00,4.930000000000007,9.056
2026-05-05 17:21:54+00,4.930000000000007,12.991
2026-05-05 17:21:55+00,4.910000000000025,9.914
2026-05-05 17:21:56+00,4.920000000000016,15.152
2026-05-05 17:21:57+00,4.930000000000007,10.137
2026-05-05 17:21:58+00,4.920000000000016,10.127
2026-05-05 17:21:59+00,4.930000000000007,10.169
2026-05-05 17:22:00+00,4.930000000000007,0
2026-05-05 17:22:01+00,4.930000000000007,0.019
2026-05-05 17:22:02+00,4.9500000000000455,9.757
2026-05-05 17:22:03+00,4.939999999999998,9.84
2026-05-05 17:22:04+00,4.939999999999998,9.864
2026-05-05 17:22:05+00,4.939999999999998,9.88
2026-05-05 17:22:06+00,4.939999999999998,9.903
2026-05-05 17:22:07+00,4.9500000000000455,11.342
2026-05-05 17:22:08+00,4.939999999999998,8.828
2026-05-05 17:22:09+00,4.9500000000000455,7.751
2026-05-05 17:22:10+00,4.9500000000000455,9.976
2026-05-05 17:22:11+00,4.9500000000000455,10.02
2026-05-05 17:22:12+00,4.9500000000000455,6.247
2026-05-05 17:22:13+00,4.9500000000000455,3.782
2026-05-05 17:22:14+00,4.9500000000000455,9.846
2026-05-05 17:22:15+00,4.9500000000000455,9.894
2026-05-05 17:22:16+00,4.939999999999998,9.909
2026-05-05 17:22:17+00,4.939999999999998,9.936
2026-05-05 17:22:18+00,4.939999999999998,9.883
2026-05-05 17:22:19+00,4.939999999999998,17.667
2026-05-05 17:22:20+00,4.930000000000007,10.549
2026-05-05 17:22:21+00,4.930000000000007,17.793
2026-05-05 17:22:22+00,4.939999999999998,10.497
2026-05-05 17:22:23+00,4.939999999999998,10.433
2026-05-05 17:22:24+00,4.939999999999998,3.087
2026-05-05 17:22:25+00,4.9500000000000455,10.197
2026-05-05 17:22:26+00,4.9500000000000455,2.499
2026-05-05 17:22:27+00,4.9500000000000455,3.821
2026-05-05 17:22:28+00,4.960000000000036,10.167
2026-05-05 17:22:29+00,4.9500000000000455,10.198
2026-05-05 17:22:30+00,4.9500000000000455,10.137
2026-05-05 17:22:31+00,4.9500000000000455,3.212
2026-05-05 17:22:32+00,4.9500000000000455,14.772
2026-05-05 17:22:33+00,4.939999999999998,10.259
2026-05-05 17:22:34+00,4.939999999999998,17.976
2026-05-05 17:22:35+00,4.939999999999998,10.525
2026-05-05 17:22:36+00,4.939999999999998,10.548
2026-05-05 17:22:37+00,4.9500000000000455,10.572
2026-05-05 17:22:38+00,4.9500000000000455,10.536
2026-05-05 17:22:39+00,4.960000000000036,4.045
2026-05-05 17:22:40+00,4.9500000000000455,9.761
2026-05-05 17:22:41+00,4.960000000000036,10.368
2026-05-05 17:22:42+00,4.960000000000036,2.579
2026-05-05 17:22:43+00,4.960000000000036,7.243
2026-05-05 17:22:44+00,4.960000000000036,10.266
2026-05-05 17:22:45+00,4.9500000000000455,10.287
2026-05-05 17:22:46+00,4.970000000000027,11.782
2026-05-05 17:22:47+00,4.9500000000000455,13.739
2026-05-05 17:22:48+00,4.9500000000000455,3.987
2026-05-05 17:22:49+00,4.960000000000036,2.661
2026-05-05 17:22:50+00,4.960000000000036,10.246
2026-05-05 17:22:51+00,4.9500000000000455,3.821
2026-05-05 17:22:52+00,4.960000000000036,9.942
2026-05-05 17:22:53+00,4.970000000000027,17.859
2026-05-05 17:22:54+00,4.970000000000027,10.426
2026-05-05 17:22:55+00,4.960000000000036,10.434
2026-05-05 17:22:56+00,4.960000000000036,10.4
2026-05-05 17:22:57+00,4.970000000000027,2.656
2026-05-05 17:22:58+00,4.970000000000027,10.2
2026-05-05 17:22:59+00,4.960000000000036,10.266
2026-05-05 17:23:00+00,4.960000000000036,15.184
2026-05-05 17:23:01+00,4.970000000000027,13.35
2026-05-05 17:23:02+00,4.970000000000027,4.474
2026-05-05 17:23:03+00,4.970000000000027,3.759
2026-05-05 17:23:04+00,4.970000000000027,16.338
2026-05-05 17:23:05+00,4.970000000000027,6.095
2026-05-05 17:23:06+00,4.970000000000027,2.704
2026-05-05 17:23:07+00,4.970000000000027,10.264
2026-05-05 17:23:08+00,4.970000000000027,3.186
2026-05-05 17:23:09+00,4.980000000000018,12.953
2026-05-05 17:23:10+00,4.970000000000027,17.851
2026-05-05 17:23:11+00,4.970000000000027,10.422
2026-05-05 17:23:12+00,4.970000000000027,10.428
2026-05-05 17:23:13+00,4.970000000000027,10.434
2026-05-05 17:23:14+00,4.970000000000027,10.447
2026-05-05 17:23:15+00,4.970000000000027,10.463
2026-05-05 17:23:16+00,4.970000000000027,10.469
2026-05-05 17:23:17+00,4.970000000000027,10.475
2026-05-05 17:23:18+00,4.970000000000027,10.482
2026-05-05 17:23:19+00,4.970000000000027,10.505
2026-05-05 17:23:20+00,4.970000000000027,10.516
2026-05-05 17:23:21+00,4.980000000000018,10.439
2026-05-05 17:23:22+00,4.980000000000018,3.764
2026-05-05 17:23:23+00,4.980000000000018,10.32
2026-05-05 17:23:24+00,4.980000000000018,10.337
2026-05-05 17:23:25+00,4.970000000000027,10.346
2026-05-05 17:23:26+00,4.970000000000027,10.355
2026-05-05 17:23:27+00,4.980000000000018,10.365
2026-05-05 17:23:28+00,4.980000000000018,10.316
2026-05-05 17:23:29+00,4.980000000000018,18.02
2026-05-05 17:23:30+00,4.970000000000027,6.342
2026-05-05 17:23:31+00,4.980000000000018,16.373
2026-05-05 17:23:32+00,4.980000000000018,2.972
2026-05-05 17:23:33+00,4.990000000000009,10.367
2026-05-05 17:23:34+00,4.990000000000009,10.415
2026-05-05 17:23:35+00,5,7.87
2026-05-05 17:23:36+00,4.990000000000009,7.276
2026-05-05 17:23:37+00,4.990000000000009,10.209
2026-05-05 17:23:38+00,4.990000000000009,10.222
2026-05-05 17:23:39+00,4.990000000000009,10.229
2026-05-05 17:23:40+00,4.990000000000009,10.226
2026-05-05 17:23:41+00,4.990000000000009,10.244
2026-05-05 17:23:42+00,4.990000000000009,10.246
2026-05-05 17:23:43+00,4.990000000000009,10.237
2026-05-05 17:23:44+00,4.990000000000009,10.252
2026-05-05 17:23:45+00,4.990000000000009,10.259
2026-05-05 17:23:46+00,4.990000000000009,10.255
2026-05-05 17:23:47+00,4.990000000000009,10.257
2026-05-05 17:23:48+00,4.990000000000009,10.259
2026-05-05 17:23:49+00,5,10.22
2026-05-05 17:23:50+00,5,2.948
2026-05-05 17:23:51+00,4.990000000000009,16.701
2026-05-05 17:23:52+00,4.990000000000009,2.747
2026-05-05 17:23:53+00,5,4.615
2026-05-05 17:23:54+00,4.990000000000009,10.055
2026-05-05 17:23:55+00,4.990000000000009,16.277
2026-05-05 17:23:56+00,4.990000000000009,17.786
2026-05-05 17:23:57+00,4.990000000000009,10.278
2026-05-05 17:23:58+00,5,10.279
2026-05-05 17:23:59+00,5,8.848
2026-05-05 17:24:00+00,5,2.472
2026-05-05 17:24:01+00,5.010000000000048,10.046
2026-05-05 17:24:02+00,5.010000000000048,10.062
2026-05-05 17:24:03+00,5,10.068
2026-05-05 17:24:04+00,5,10.073
2026-05-05 17:24:05+00,5.010000000000048,10.005
2026-05-05 17:24:06+00,5.010000000000048,2.232
2026-05-05 17:24:07+00,5.020000000000039,7.789
2026-05-05 17:24:08+00,5.010000000000048,9.847
2026-05-05 17:24:09+00,5.010000000000048,9.843
2026-05-05 17:24:10+00,5.010000000000048,9.842
2026-05-05 17:24:11+00,5,10.31
2026-05-05 17:24:12+00,5,15.098
2026-05-05 17:24:13+00,5.010000000000048,10.047
2026-05-05 17:24:14+00,5,10.047
2026-05-05 17:24:15+00,5,10.053
2026-05-05 17:24:16+00,5.010000000000048,10.053
2026-05-05 17:24:17+00,5.010000000000048,9.999
2026-05-05 17:24:18+00,5.010000000000048,2.742
2026-05-05 17:24:19+00,5.010000000000048,9.702
2026-05-05 17:24:20+00,5,9.824
2026-05-05 17:24:21+00,5.010000000000048,9.816
2026-05-05 17:24:22+00,5,9.758
2026-05-05 17:24:23+00,5,16.538
2026-05-05 17:24:24+00,5,10.091
2026-05-05 17:24:25+00,5,10.02
2026-05-05 17:24:26+00,4.990000000000009,10.02
2026-05-05 17:24:27+00,5,12.796
2026-05-05 17:24:28+00,5.010000000000048,0
2026-05-05 17:24:29+00,5.020000000000039,7.492
2026-05-05 17:24:30+00,5.020000000000039,10.051
2026-05-05 17:24:31+00,5.020000000000039,10.969
2026-05-05 17:24:32+00,5.010000000000048,5.698
2026-05-05 17:24:33+00,5.010000000000048,5.14
2026-05-05 17:24:34+00,5.020000000000039,1.967
2026-05-05 17:24:35+00,5.03000000000003,7.015
2026-05-05 17:24:36+00,5.020000000000039,7.09
2026-05-05 17:24:37+00,5.010000000000048,16.974
2026-05-05 17:24:38+00,5,9.542
2026-05-05 17:24:39+00,5,17.513
2026-05-05 17:24:40+00,5,17.688
2026-05-05 17:24:41+00,4.990000000000009,17.715
2026-05-05 17:24:42+00,4.990000000000009,0
2026-05-05 17:24:43+00,5.010000000000048,0.114
2026-05-05 17:24:44+00,5.020000000000039,9.155
2026-05-05 17:24:45+00,5.010000000000048,1.908
2026-05-05 17:24:46+00,5.020000000000039,6.587
2026-05-05 17:24:47+00,5.020000000000039,12.503
2026-05-05 17:24:48+00,5.010000000000048,3.207
2026-05-05 17:24:49+00,5.03000000000003,2.402
2026-05-05 17:24:50+00,5.020000000000039,9.497
2026-05-05 17:24:51+00,5.010000000000048,13.015
2026-05-05 17:24:52+00,5.020000000000039,0
2026-05-05 17:24:53+00,5.010000000000048,0.012
2026-05-05 17:24:54+00,5.010000000000048,23.638
2026-05-05 17:24:55+00,5.020000000000039,17.616
2026-05-05 17:24:56+00,5.010000000000048,9.912
2026-05-05 17:24:57+00,5.010000000000048,2.056
2026-05-05 17:24:58+00,5.020000000000039,2.203
2026-05-05 17:24:59+00,5.020000000000039,8.975
2026-05-05 17:25:00+00,5.010000000000048,17.072
2026-05-05 17:25:01+00,5.020000000000039,1.781
2026-05-05 17:25:02+00,5.03000000000003,1.572
2026-05-05 17:25:03+00,5.020000000000039,8.53
2026-05-05 17:25:04+00,5.010000000000048,16.893
2026-05-05 17:25:05+00,5.010000000000048,14.841
2026-05-05 17:25:06+00,5.020000000000039,17.257
2026-05-05 17:25:07+00,5,13.312
2026-05-05 17:25:08+00,5,9.842
2026-05-05 17:25:09+00,5.010000000000048,8.505
2026-05-05 17:25:10+00,5.020000000000039,1.766
2026-05-05 17:25:11+00,5.020000000000039,1.688
2026-05-05 17:25:12+00,5.020000000000039,9.275
2026-05-05 17:25:13+00,5.020000000000039,1.892
2026-05-05 17:25:14+00,5.020000000000039,16.07
2026-05-05 17:25:15+00,5.010000000000048,9.453
2026-05-05 17:25:16+00,5.010000000000048,9.31
2026-05-05 17:25:17+00,5.010000000000048,17.169
2026-05-05 17:25:18+00,5.010000000000048,10.356
2026-05-05 17:25:19+00,5.010000000000048,9.561
2026-05-05 17:25:20+00,5.010000000000048,9.559
2026-05-05 17:25:21+00,5.010000000000048,9.552
2026-05-05 17:25:22+00,5.010000000000048,11.549
2026-05-05 17:25:23+00,5.010000000000048,12.846
2026-05-05 17:25:24+00,5.010000000000048,9.76
2026-05-05 17:25:25+00,5.020000000000039,9.59
2026-05-05 17:25:26+00,5.020000000000039,2.994
2026-05-05 17:25:27+00,5.020000000000039,5.093
2026-05-05 17:25:28+00,5.020000000000039,1.647
2026-05-05 17:25:29+00,5.020000000000039,9.184
2026-05-05 17:25:30+00,5.020000000000039,2.529
2026-05-05 17:25:31+00,5.010000000000048,15.146
2026-05-05 17:25:32+00,5,9.289
2026-05-05 17:25:33+00,5,17.01
2026-05-05 17:25:34+00,5.010000000000048,9.994
2026-05-05 17:25:35+00,5.010000000000048,17.321
2026-05-05 17:25:36+00,5,17.454
2026-05-05 17:25:37+00,5,0
2026-05-05 17:25:38+00,5.010000000000048,0.162
2026-05-05 17:25:39+00,5.020000000000039,8.547
2026-05-05 17:25:40+00,5.03000000000003,1.629
2026-05-05 17:25:41+00,5.03000000000003,3.703
2026-05-05 17:25:42+00,5.020000000000039,9.248
2026-05-05 17:25:43+00,5.03000000000003,4.422
2026-05-05 17:25:44+00,5.03000000000003,3.126
2026-05-05 17:25:45+00,5.020000000000039,8.962
2026-05-05 17:25:46+00,5.010000000000048,16.983
2026-05-05 17:25:47+00,5.020000000000039,17.217
2026-05-05 17:25:48+00,5,17.199
2026-05-05 17:25:49+00,4.990000000000009,1.756
2026-05-05 17:25:50+00,5.010000000000048,16.692
2026-05-05 17:25:51+00,5.010000000000048,10.79
2026-05-05 17:25:52+00,5,0
2026-05-05 17:25:53+00,5.020000000000039,0.01
2026-05-05 17:25:54+00,5.020000000000039,1.254
2026-05-05 17:25:55+00,5.020000000000039,8.463
2026-05-05 17:25:56+00,5.03000000000003,9.179
2026-05-05 17:25:57+00,5.020000000000039,3.845
2026-05-05 17:25:58+00,5.020000000000039,2.251
2026-05-05 17:25:59+00,5.020000000000039,12.898
2026-05-05 17:26:00+00,5.010000000000048,11.231
2026-05-05 17:26:01+00,5.020000000000039,17.09
2026-05-05 17:26:02+00,5,14.905
2026-05-05 17:26:03+00,5,4.248
2026-05-05 17:26:04+00,5.010000000000048,16.862
2026-05-05 17:26:05+00,5,1.689
2026-05-05 17:26:06+00,5.010000000000048,9.334
2026-05-05 17:26:07+00,5.010000000000048,9.338
2026-05-05 17:26:08+00,5.010000000000048,9.281
2026-05-05 17:26:09+00,5.020000000000039,1.454
2026-05-05 17:26:10+00,5,19.022
2026-05-05 17:26:11+00,5,10.503
2026-05-05 17:26:12+00,5.010000000000048,9.557
2026-05-05 17:26:13+00,5,4.598
2026-05-05 17:26:14+00,5.010000000000048,2.956
2026-05-05 17:26:15+00,5.010000000000048,9.327
2026-05-05 17:26:16+00,5,13.683
2026-05-05 17:26:17+00,5.010000000000048,0
2026-05-05 17:26:18+00,5.020000000000039,0.035
2026-05-05 17:26:19+00,5,14.441
2026-05-05 17:26:20+00,5.010000000000048,9.332
2026-05-05 17:26:21+00,5.010000000000048,17.025
2026-05-05 17:26:22+00,5,9.38
2026-05-05 17:26:23+00,5.020000000000039,1.84
2026-05-05 17:26:24+00,5.010000000000048,9.063
2026-05-05 17:26:25+00,5.010000000000048,0
2026-05-05 17:26:26+00,5.010000000000048,0.008
2026-05-05 17:26:27+00,5.010000000000048,14.026
2026-05-05 17:26:28+00,5,9.359
2026-05-05 17:26:29+00,5.010000000000048,17.092
2026-05-05 17:26:30+00,5.010000000000048,7.163
2026-05-05 17:26:31+00,5.020000000000039,6.804
2026-05-05 17:26:32+00,5.020000000000039,9.271
2026-05-05 17:26:33+00,5.010000000000048,9.274
2026-05-05 17:26:34+00,5.010000000000048,9.27
2026-05-05 17:26:35+00,5.010000000000048,9.264
2026-05-05 17:26:36+00,5.010000000000048,9.251
2026-05-05 17:26:37+00,5.010000000000048,9.198
2026-05-05 17:26:38+00,5.010000000000048,2.116
2026-05-05 17:26:39+00,5.010000000000048,13.649
2026-05-05 17:26:40+00,5,9.251
2026-05-05 17:26:41+00,4.990000000000009,16.967
2026-05-05 17:26:42+00,4.990000000000009,9.606
2026-05-05 17:26:43+00,4.990000000000009,16.751
2026-05-05 17:26:44+00,4.990000000000009,1.896
2026-05-05 17:26:45+00,4.990000000000009,9.426
2026-05-05 17:26:46+00,4.990000000000009,9.395
2026-05-05 17:26:47+00,5,16.471
2026-05-05 17:26:48+00,5,1.868
2026-05-05 17:26:49+00,5,9.407
2026-05-05 17:26:50+00,5,9.454
2026-05-05 17:26:51+00,5.010000000000048,3.279
2026-05-05 17:26:52+00,5.010000000000048,8.522
2026-05-05 17:26:53+00,5.010000000000048,9.225
2026-05-05 17:26:54+00,5,9.239
2026-05-05 17:26:55+00,4.990000000000009,13.346
2026-05-05 17:26:56+00,4.990000000000009,17.284
2026-05-05 17:26:57+00,4.990000000000009,17.031
2026-05-05 17:26:58+00,4.990000000000009,9.672
2026-05-05 17:26:59+00,4.990000000000009,9.674
2026-05-05 17:27:00+00,4.990000000000009,9.681
2026-05-05 17:27:01+00,5,9.621
2026-05-05 17:27:02+00,5,1.833
2026-05-05 17:27:03+00,5.010000000000048,9.251
2026-05-05 17:27:04+00,5.010000000000048,9.4
2026-05-05 17:27:05+00,5.010000000000048,1.65
2026-05-05 17:27:06+00,5.010000000000048,14.36
2026-05-05 17:27:07+00,5,2.034
2026-05-05 17:27:08+00,5,16.877
2026-05-05 17:27:09+00,5,9.484
2026-05-05 17:27:10+00,4.990000000000009,9.453
2026-05-05 17:27:11+00,4.990000000000009,9.458
2026-05-05 17:27:12+00,4.990000000000009,9.458
2026-05-05 17:27:13+00,4.990000000000009,16.168
2026-05-05 17:27:14+00,4.990000000000009,16.697
2026-05-05 17:27:15+00,4.990000000000009,9.683
2026-05-05 17:27:16+00,4.990000000000009,9.69
2026-05-05 17:27:17+00,4.990000000000009,9.687
2026-05-05 17:27:18+00,4.990000000000009,9.701
2026-05-05 17:27:19+00,4.990000000000009,9.703
2026-05-05 17:27:20+00,5,9.71
2026-05-05 17:27:21+00,5,9.654
2026-05-05 17:27:22+00,5,2.261
2026-05-05 17:27:23+00,5,9.437
2026-05-05 17:27:24+00,5,9.49
2026-05-05 17:27:25+00,5,9.49
2026-05-05 17:27:26+00,5,9.49
2026-05-05 17:27:27+00,5,15.962
2026-05-05 17:27:28+00,5,13.035
2026-05-05 17:27:29+00,4.990000000000009,9.721
2026-05-05 17:27:30+00,4.990000000000009,9.717
2026-05-05 17:27:31+00,4.990000000000009,9.726
2026-05-05 17:27:32+00,5,9.728
2026-05-05 17:27:33+00,5,9.385
2026-05-05 17:27:34+00,4.990000000000009,2.532
2026-05-05 17:27:35+00,4.990000000000009,9.402
2026-05-05 17:27:36+00,5,9.518
2026-05-05 17:27:37+00,5,9.448
2026-05-05 17:27:38+00,4.990000000000009,17.256
2026-05-05 17:27:39+00,4.990000000000009,10.5
2026-05-05 17:27:40+00,4.990000000000009,9.755
2026-05-05 17:27:41+00,5.010000000000048,9.751
2026-05-05 17:27:42+00,5,0
2026-05-05 17:27:43+00,5,3.913
2026-05-05 17:27:44+00,5,4.066
2026-05-05 17:27:45+00,5.010000000000048,8.662
2026-05-05 17:27:46+00,5,13.468
2026-05-05 17:27:47+00,4.990000000000009,17.306
2026-05-05 17:27:48+00,5,4.134
2026-05-05 17:27:49+00,4.990000000000009,1.857
2026-05-05 17:27:50+00,4.990000000000009,9.511
2026-05-05 17:27:51+00,5,9.929
2026-05-05 17:27:52+00,4.980000000000018,16.542
2026-05-05 17:27:53+00,4.990000000000009,9.771
2026-05-05 17:27:54+00,4.990000000000009,1.864
2026-05-05 17:27:55+00,4.980000000000018,12.439
2026-05-05 17:27:56+00,5,0
2026-05-05 17:27:57+00,4.990000000000009,0.027
2026-05-05 17:27:58+00,4.990000000000009,17.249
2026-05-05 17:27:59+00,5,12.706
2026-05-05 17:28:00+00,4.990000000000009,3.546
2026-05-05 17:28:01+00,5,8.769
2026-05-05 17:28:02+00,5.010000000000048,8.012
2026-05-05 17:28:03+00,5,5.389
2026-05-05 17:28:04+00,5.010000000000048,4.972
2026-05-05 17:28:05+00,5,1.656
2026-05-05 17:28:06+00,5,9.236
2026-05-05 17:28:07+00,5.010000000000048,16.924
2026-05-05 17:28:08+00,4.980000000000018,16.956
2026-05-05 17:28:09+00,4.990000000000009,9.939
2026-05-05 17:28:10+00,4.990000000000009,
2026-05-05 17:28:11+00,4.990000000000009,9.7685
2026-05-05 17:28:12+00,5,3.328
2026-05-05 17:28:13+00,5,3.694
2026-05-05 17:28:14+00,4.990000000000009,11.928
2026-05-05 17:28:15+00,5.010000000000048,5.537
2026-05-05 17:28:16+00,5,1.765
2026-05-05 17:28:17+00,4.990000000000009,2.017
2026-05-05 17:28:18+00,5.010000000000048,14.845
2026-05-05 17:28:19+00,5,9.588
2026-05-05 17:28:20+00,5,9.516
2026-05-05 17:28:21+00,5,1.662
2026-05-05 17:28:22+00,4.980000000000018,22.534
2026-05-05 17:28:23+00,4.990000000000009,9.886
2026-05-05 17:28:24+00,5,9.731
2026-05-05 17:28:25+00,4.990000000000009,1.887
2026-05-05 17:28:26+00,5,14.392
2026-05-05 17:28:27+00,5,2.205
2026-05-05 17:28:28+00,4.990000000000009,9.36
2026-05-05 17:28:29+00,5,9.566
2026-05-05 17:28:30+00,5,9.577
2026-05-05 17:28:31+00,5,12.381
2026-05-05 17:28:32+00,4.990000000000009,10.226
2026-05-05 17:28:33+00,4.990000000000009,1.933
2026-05-05 17:28:34+00,5,16.581
2026-05-05 17:28:35+00,4.990000000000009,9.88
2026-05-05 17:28:36+00,4.980000000000018,9.747
2026-05-05 17:28:37+00,4.990000000000009,1.908
2026-05-05 17:28:38+00,5,9.712
2026-05-05 17:28:39+00,4.990000000000009,16.919
2026-05-05 17:28:40+00,4.990000000000009,9.854
2026-05-05 17:28:41+00,4.980000000000018,9.752
2026-05-05 17:28:42+00,4.990000000000009,15.205
2026-05-05 17:28:43+00,4.990000000000009,10.208
2026-05-05 17:28:44+00,4.990000000000009,2.25
2026-05-05 17:28:45+00,4.990000000000009,5.328
2026-05-05 17:28:46+00,4.990000000000009,
2026-05-05 17:28:47+00,5,5.7125
2026-05-05 17:28:48+00,5,11.988
2026-05-05 17:28:49+00,5,16.713
2026-05-05 17:28:50+00,5,2.778
2026-05-05 17:28:51+00,5,10.817
2026-05-05 17:28:52+00,4.990000000000009,17.278
2026-05-05 17:28:53+00,4.990000000000009,9.858
2026-05-05 17:28:54+00,4.990000000000009,9.309
2026-05-05 17:28:55+00,5,2.113
2026-05-05 17:28:56+00,5,17.143
2026-05-05 17:28:57+00,4.990000000000009,1.977
2026-05-05 17:28:58+00,5,14.092
2026-05-05 17:28:59+00,4.990000000000009,9.98
2026-05-05 17:29:00+00,4.990000000000009,9.878
2026-05-05 17:29:01+00,4.990000000000009,9.88
2026-05-05 17:29:02+00,4.990000000000009,9.876
2026-05-05 17:29:03+00,4.990000000000009,9.883
2026-05-05 17:29:04+00,4.990000000000009,9.885
2026-05-05 17:29:05+00,4.990000000000009,3.419
2026-05-05 17:29:06+00,4.990000000000009,1.993
2026-05-05 17:29:07+00,5,9.67
2026-05-05 17:29:08+00,4.990000000000009,9.676
2026-05-05 17:29:09+00,5,9.676
2026-05-05 17:29:10+00,5,11.274
2026-05-05 17:29:11+00,5,17.388
2026-05-05 17:29:12+00,4.990000000000009,9.863
2026-05-05 17:29:13+00,4.980000000000018,2.974
2026-05-05 17:29:14+00,4.990000000000009,16.959
2026-05-05 17:29:15+00,5,2.053
2026-05-05 17:29:16+00,4.990000000000009,17.372
2026-05-05 17:29:17+00,5,2.726
2026-05-05 17:29:18+00,4.990000000000009,17.263
2026-05-05 17:29:19+00,5,2.052
2026-05-05 17:29:20+00,4.990000000000009,3.149
2026-05-05 17:29:21+00,4.990000000000009,9.703
2026-05-05 17:29:22+00,4.990000000000009,9.708
2026-05-05 17:29:23+00,4.970000000000027,18.198
2026-05-05 17:29:24+00,4.980000000000018,25.083
2026-05-05 17:29:25+00,4.980000000000018,2.628
2026-05-05 17:29:26+00,4.970000000000027,15.721
2026-05-05 17:29:27+00,4.990000000000009,10.19
2026-05-05 17:29:28+00,4.980000000000018,10.109
2026-05-05 17:29:29+00,4.990000000000009,2.296
2026-05-05 17:29:30+00,4.990000000000009,16.484
2026-05-05 17:29:31+00,4.990000000000009,0
2026-05-05 17:29:32+00,5.020000000000039,0.011
2026-05-05 17:29:33+00,4.990000000000009,16.46
2026-05-05 17:29:34+00,5,3.019
2026-05-05 17:29:35+00,5.010000000000048,9.618
2026-05-05 17:29:36+00,5,4.227
2026-05-05 17:29:37+00,5.010000000000048,3.253
2026-05-05 17:29:38+00,5,13.363
2026-05-05 17:29:39+00,5,9.273
2026-05-05 17:29:40+00,5.010000000000048,1.839
2026-05-05 17:29:41+00,4.990000000000009,9.423
2026-05-05 17:29:42+00,4.990000000000009,16.415
2026-05-05 17:29:43+00,5,10.084
2026-05-05 17:29:44+00,4.980000000000018,
2026-05-05 17:29:45+00,5,9.604
2026-05-05 17:29:46+00,4.980000000000018,13.909
2026-05-05 17:29:47+00,5,17.787
2026-05-05 17:29:48+00,4.990000000000009,0
2026-05-05 17:29:49+00,5,1.175
2026-05-05 17:29:50+00,5.010000000000048,11.79
2026-05-05 17:29:51+00,5,1.922
2026-05-05 17:29:52+00,5.020000000000039,7.566
2026-05-05 17:29:53+00,5.010000000000048,9.517
2026-05-05 17:29:54+00,5,9.525
2026-05-05 17:29:55+00,5.010000000000048,9.518
2026-05-05 17:29:56+00,5,11.233
2026-05-05 17:29:57+00,5.010000000000048,17.215
2026-05-05 17:29:58+00,4.990000000000009,9.707
2026-05-05 17:29:59+00,5,2.356
2026-05-05 17:30:00+00,5,9.205
2026-05-05 17:30:01+00,4.990000000000009,0
2026-05-05 17:30:02+00,5.010000000000048,0.169
2026-05-05 17:30:03+00,4.980000000000018,20.169
2026-05-05 17:30:04+00,5.010000000000048,0
2026-05-05 17:30:05+00,4.990000000000009,0
2026-05-05 17:30:06+00,5.020000000000039,2.351
2026-05-05 17:30:07+00,5.010000000000048,10.192
2026-05-05 17:30:08+00,5.010000000000048,0
2026-05-05 17:30:09+00,5.03000000000003,0.396
2026-05-05 17:30:10+00,5.03000000000003,13.535
2026-05-05 17:30:11+00,5.03000000000003,1.418
2026-05-05 17:30:12+00,5.0400000000000205,1.239
2026-05-05 17:30:13+00,5.020000000000039,1.121
2026-05-05 17:30:14+00,5.0400000000000205,16.777
2026-05-05 17:30:15+00,5.020000000000039,13.221
2026-05-05 17:30:16+00,5.020000000000039,1.373
2026-05-05 17:30:17+00,5.020000000000039,
2026-05-05 17:30:18+00,5,12.946